model0,model1,df0,df1,AIC0,AIC1,BIC0,BIC1,LRT,p
H1_int,H1_slope,NA,2,3270.874131311767,3230.447699825484,3290.465051803452,3263.099233978292,44.426431486283036,2.2538394559605216e-10
