model0,model1,df0,df1,AIC0,AIC1,BIC0,BIC1,LRT,p
H2a_int,H2a_slope,NA,2,3593.21868777631,3534.531978406976,3624.2379446372297,3577.9589380122634,62.68670936933404,2.4420469883442863e-14
