model0,model1,df0,df1,AIC0,AIC1,BIC0,BIC1,LRT,p
H2c_int,H2c_slope,NA,2,3421.895305442331,3361.9906474092063,3465.322265047618,3417.8253097588613,63.90465803312463,1.3282499986789324e-14
